Rk,G,1997 Playoffs,Series,Tm,,Opp,G#,,GS,MP,FG,FGA,FG%,3P,3PA,3P%,FT,FTA,FT%,ORB,DRB,TRB,AST,STL,BLK,TOV,PF,PTS,GmSc,+/-
1,1,1997-04-25,WC1,LAL,,POR,1,W (+18),0,1:00,1,1,1,0,0,,0,0,,0,0,0,0,0,0,0,0,2,1.7,
2,2,1997-04-27,WC1,LAL,,POR,2,W (+14),0,5:00,1,3,0.333,0,1,0,4,4,1,0,0,0,0,0,0,0,1,6,3.9,
3,3,1997-04-30,WC1,LAL,@,POR,3,L (-8),0,27:00:00,7,13,0.538,2,3,0.667,6,8,0.75,0,4,4,2,1,0,4,5,22,12.5,
4,4,1997-05-02,WC1,LAL,@,POR,4,W (+4),0,6:00,0,0,,0,0,,0,0,,0,0,0,0,0,0,0,0,0,0,
5,5,1997-05-04,WCS,LAL,@,UTA,1,L (-16),0,14:00,1,7,0.143,1,5,0.2,0,1,0,1,1,2,3,0,1,0,5,3,-0.1,
6,6,1997-05-06,WCS,LAL,@,UTA,2,L (-2),0,4:00,1,1,1,0,0,,0,0,,0,0,0,1,0,0,1,2,2,0.6,
7,7,1997-05-08,WCS,LAL,,UTA,3,W (+20),0,19:00,3,7,0.429,0,2,0,13,14,0.929,0,1,1,3,1,1,3,3,19,14.8,
8,8,1997-05-10,WCS,LAL,,UTA,4,L (-15),0,28:00:00,3,9,0.333,3,6,0.5,0,0,,0,2,2,0,0,0,5,4,9,-2.1,
9,9,1997-05-12,WCS,LAL,@,UTA,5,L (-5),0,29:00:00,4,14,0.286,0,6,0,3,3,1,0,2,2,2,1,0,1,3,11,3.6,
10,1,1998-04-24,WC1,LAL,,POR,1,W (+2),0,27:00:00,4,9,0.444,1,1,1,6,9,0.667,0,1,1,4,1,2,0,5,15,12.6,
11,2,1998-04-26,WC1,LAL,,POR,2,W (+9),0,24:00:00,2,7,0.286,0,0,,0,0,,0,3,3,4,0,1,1,2,4,2.5,
12,3,1998-04-28,WC1,LAL,@,POR,3,L (-5),0,16:00,1,6,0.167,0,2,0,2,2,1,3,2,5,0,0,0,1,3,4,0.7,
13,4,1998-04-30,WC1,LAL,@,POR,4,W (+11),0,36:00:00,9,16,0.563,1,1,1,3,4,0.75,0,3,3,4,0,1,1,4,22,15.8,
14,5,1998-05-04,WCS,LAL,@,SEA,1,L (-14),0,16:00,1,5,0.2,0,2,0,2,4,0.5,1,0,1,0,1,1,0,2,4,1.7,
15,6,1998-05-10,WCS,LAL,,SEA,4,W (+12),0,3:00,0,0,,0,0,,0,0,,0,0,0,0,0,0,0,0,0,0,
16,7,1998-05-12,WCS,LAL,@,SEA,5,W (+15),0,11:00,3,3,1,1,1,1,0,0,,0,1,1,0,0,1,1,2,7,5.3,
17,8,1998-05-16,WCF,LAL,@,UTA,1,L (-35),0,31:00:00,4,14,0.286,0,5,0,8,12,0.667,2,2,4,2,0,1,0,0,16,10.3,
18,9,1998-05-18,WCF,LAL,@,UTA,2,L (-4),0,22:00,3,10,0.3,0,1,0,3,4,0.75,1,1,2,1,0,0,2,3,9,1.3,
19,10,1998-05-22,WCF,LAL,,UTA,3,L (-11),0,15:00,2,4,0.5,0,1,0,5,7,0.714,0,0,0,1,0,0,2,4,9,3.3,
20,11,1998-05-24,WCF,LAL,,UTA,4,L (-4),0,19:00,2,2,1,0,0,,2,3,0.667,0,1,1,0,1,1,3,3,6,2.8,
21,1,1999-05-09,WC1,LAL,,HOU,1,W (+1),1,28:00:00,5,9,0.556,1,1,1,6,6,1,0,5,5,5,0,1,2,4,17,14.8,
22,2,1999-05-11,WC1,LAL,,HOU,2,W (+12),1,38:00:00,8,15,0.533,1,3,0.333,2,2,1,2,7,9,5,3,1,4,1,19,18,
23,3,1999-05-13,WC1,LAL,@,HOU,3,L (-14),1,35:00:00,5,17,0.294,1,4,0.25,2,2,1,4,5,9,5,2,4,3,3,13,11.5,
24,4,1999-05-15,WC1,LAL,@,HOU,4,W (+10),1,47:00:00,9,25,0.36,1,3,0.333,5,6,0.833,1,5,6,8,3,2,3,1,24,18.5,
25,5,1999-05-17,WCS,LAL,@,SAS,1,L (-6),1,36:00:00,8,17,0.471,0,1,0,5,6,0.833,2,4,6,6,3,1,7,2,21,14.6,
26,6,1999-05-19,WCS,LAL,@,SAS,2,L (-3),1,47:00:00,12,25,0.48,1,3,0.333,3,5,0.6,1,7,8,4,0,0,5,3,28,13.9,
27,7,1999-05-22,WCS,LAL,,SAS,3,L (-12),1,44:00:00,7,18,0.389,2,5,0.4,4,6,0.667,0,4,4,1,4,1,4,4,20,10.4,
28,8,1999-05-23,WCS,LAL,,SAS,4,L (-11),1,40:00:00,7,16,0.438,1,3,0.333,1,2,0.5,3,5,8,3,0,0,3,6,16,7.5,
29,1,2000-04-23,WC1,LAL,,SAC,1,W (+10),1,39:00:00,11,22,0.5,0,1,0,1,2,0.5,5,2,7,5,0,0,3,5,23,14.2,
30,2,2000-04-27,WC1,LAL,,SAC,2,W (+24),1,37:00:00,12,20,0.6,3,3,1,5,6,0.833,0,4,4,1,2,0,1,2,32,24.5,
31,3,2000-04-30,WC1,LAL,@,SAC,3,L (-8),1,37:00:00,13,25,0.52,2,6,0.333,7,9,0.778,1,2,3,2,2,0,2,5,35,22.6,
32,4,2000-05-02,WC1,LAL,@,SAC,4,L (-13),1,46:00:00,13,30,0.433,0,3,0,6,8,0.75,2,4,6,4,2,0,7,4,32,14.2,
33,5,2000-05-05,WC1,LAL,,SAC,5,W (+27),1,34:00:00,7,16,0.438,1,5,0.2,2,2,1,0,2,2,6,0,3,1,2,17,13.7,
34,6,2000-05-07,WCS,LAL,,PHO,1,W (+28),1,34:00:00,8,17,0.471,1,2,0.5,8,10,0.8,3,3,6,1,3,3,3,4,25,19.7,
35,7,2000-05-10,WCS,LAL,,PHO,2,W (+1),1,34:00:00,6,11,0.545,0,1,0,3,4,0.75,0,4,4,6,2,2,5,4,15,11.5,
36,8,2000-05-12,WCS,LAL,@,PHO,3,W (+6),1,47:00:00,8,20,0.4,0,2,0,9,13,0.692,2,3,5,2,2,2,3,4,25,15.1,
37,9,2000-05-14,WCS,LAL,@,PHO,4,L (-19),1,37:00:00,10,20,0.5,0,5,0,3,6,0.5,1,2,3,5,2,0,2,4,23,15,
38,10,2000-05-16,WCS,LAL,,PHO,5,W (+22),1,34:00:00,6,16,0.375,1,3,0.333,4,4,1,1,0,1,3,1,0,2,3,17,8.8,
39,11,2000-05-20,WCF,LAL,,POR,1,W (+15),1,38:00:00,4,9,0.444,0,1,0,5,7,0.714,1,2,3,6,1,1,1,5,13,11.7,
40,12,2000-05-22,WCF,LAL,,POR,2,L (-29),1,42:00:00,2,9,0.222,1,2,0.5,7,8,0.875,0,2,2,4,2,1,2,5,12,8.2,
41,13,2000-05-26,WCF,LAL,@,POR,3,W (+2),1,47:00:00,11,18,0.611,1,1,1,2,2,1,2,5,7,7,2,1,3,5,25,22.3,
42,14,2000-05-28,WCF,LAL,@,POR,4,W (+12),1,46:00:00,5,15,0.333,2,3,0.667,6,7,0.857,1,3,4,7,2,3,3,4,18,15.1,
43,15,2000-05-30,WCF,LAL,,POR,5,L (-8),1,34:00:00,4,13,0.308,1,3,0.333,8,9,0.889,1,4,5,4,0,2,6,6,17,6.8,
44,16,2000-06-02,WCF,LAL,@,POR,6,L (-10),1,48:00:00,12,24,0.5,6,9,0.667,3,6,0.5,0,2,2,6,4,3,3,5,33,25.7,
45,17,2000-06-04,WCF,LAL,,POR,7,W (+5),1,47:00:00,9,19,0.474,1,4,0.25,6,12,0.5,0,11,11,7,0,4,2,4,25,20.3,
46,18,2000-06-07,FIN,LAL,,IND,1,W (+17),1,38:00:00,6,13,0.462,0,2,0,2,2,1,0,3,3,5,1,2,2,4,14,10.5,
47,19,2000-06-09,FIN,LAL,,IND,2,W (+7),1,9:00,1,3,0.333,0,1,0,0,0,,0,1,1,4,0,1,0,1,2,3.7,
48,20,2000-06-14,FIN,LAL,@,IND,4,W (+2),1,47:00:00,14,27,0.519,0,0,,0,0,,2,2,4,5,1,2,3,4,28,18,
49,21,2000-06-16,FIN,LAL,@,IND,5,L (-33),1,37:00:00,4,20,0.2,0,1,0,0,0,,1,4,5,3,2,0,0,5,8,-0.4,
50,22,2000-06-19,FIN,LAL,,IND,6,W (+5),1,45:00:00,8,27,0.296,2,6,0.333,8,9,0.889,3,7,10,4,1,2,1,4,26,16.7,
51,1,2001-04-22,WC1,LAL,,POR,1,W (+13),1,41:00:00,9,20,0.45,1,2,0.5,9,12,0.75,1,5,6,7,2,0,0,4,28,23.9,26
52,2,2001-04-26,WC1,LAL,,POR,2,W (+18),1,35:00:00,8,11,0.727,1,2,0.5,8,10,0.8,2,1,3,7,3,0,3,3,25,25.1,24
53,3,2001-04-29,WC1,LAL,@,POR,3,W (+13),1,43:00:00,9,23,0.391,0,2,0,4,6,0.667,1,3,4,9,2,0,3,4,22,14,16
54,4,2001-05-06,WCS,LAL,,SAC,1,W (+3),1,39:00:00,10,23,0.435,0,1,0,9,11,0.818,3,1,4,5,0,0,5,4,29,15.4,-1
55,5,2001-05-08,WCS,LAL,,SAC,2,W (+6),1,47:00:00,9,19,0.474,0,2,0,9,10,0.9,1,8,9,5,1,1,4,4,27,19.6,10
56,6,2001-05-11,WCS,LAL,@,SAC,3,W (+22),1,39:00:00,10,22,0.455,0,1,0,16,19,0.842,0,7,7,4,2,0,5,4,36,23.7,28
57,7,2001-05-13,WCS,LAL,@,SAC,4,W (+6),1,48:00:00,15,29,0.517,1,1,1,17,19,0.895,9,7,16,3,2,1,2,2,48,43.3,6
58,8,2001-05-19,WCF,LAL,@,SAS,1,W (+14),1,47:00:00,19,35,0.543,1,2,0.5,6,8,0.75,1,9,10,3,1,1,4,4,45,28.9,17
59,9,2001-05-21,WCF,LAL,@,SAS,2,W (+7),1,47:00:00,11,24,0.458,1,4,0.25,5,6,0.833,1,6,7,6,2,1,2,4,28,21,5
60,10,2001-05-25,WCF,LAL,,SAS,3,W (+39),1,40:00:00,14,27,0.519,2,4,0.5,6,9,0.667,5,4,9,8,1,0,3,1,36,29.4,28
61,11,2001-05-27,WCF,LAL,,SAS,4,W (+29),1,34:00:00,10,19,0.526,1,4,0.25,3,3,1,0,2,2,11,2,1,2,4,24,22.1,23
62,12,2001-06-06,FIN,LAL,,PHI,1,L (-6),1,52:00:00,7,22,0.318,0,0,,1,1,1,0,3,3,5,1,3,6,4,15,2.3,-6
63,13,2001-06-08,FIN,LAL,,PHI,2,W (+9),1,47:00:00,11,23,0.478,1,2,0.5,8,8,1,1,7,8,6,2,2,2,4,31,26.1,11
64,14,2001-06-10,FIN,LAL,@,PHI,3,W (+5),1,48:00:00,13,30,0.433,0,2,0,6,6,1,0,6,6,3,2,0,3,2,32,18.3,5
65,15,2001-06-13,FIN,LAL,@,PHI,4,W (+14),1,43:00:00,6,13,0.462,0,2,0,7,12,0.583,2,8,10,9,1,1,4,2,19,17.3,7
66,16,2001-06-15,FIN,LAL,@,PHI,5,W (+12),1,44:00:00,7,18,0.389,2,3,0.667,10,11,0.909,2,10,12,6,1,1,3,3,26,21.9,14
67,1,2002-04-21,WC1,LAL,,POR,1,W (+8),1,44:00:00,10,28,0.357,2,7,0.286,12,13,0.923,3,4,7,3,2,3,1,3,34,25.3,-4
68,2,2002-04-25,WC1,LAL,,POR,2,W (+7),1,43:00:00,5,21,0.238,1,4,0.25,8,9,0.889,1,5,6,5,2,0,3,5,19,8.6,15
69,3,2002-04-28,WC1,LAL,@,POR,3,W (+1),1,45:00:00,9,19,0.474,3,4,0.75,4,7,0.571,0,4,4,7,2,2,4,5,25,17.6,-3
70,4,2002-05-05,WCS,LAL,,SAS,1,W (+6),1,38:00:00,8,18,0.444,0,3,0,4,10,0.4,0,2,2,4,0,0,3,4,20,7,1
71,5,2002-05-07,WCS,LAL,,SAS,2,L (-3),1,43:00:00,12,25,0.48,0,2,0,2,2,1,1,3,4,6,3,0,4,4,26,16.5,5
72,6,2002-05-10,WCS,LAL,@,SAS,3,W (+10),1,48:00:00,15,31,0.484,0,2,0,1,3,0.333,2,4,6,6,0,1,1,1,31,20.6,10
73,7,2002-05-12,WCS,LAL,@,SAS,4,W (+2),1,44:00:00,10,27,0.37,3,5,0.6,5,9,0.556,3,4,7,3,1,0,2,3,28,14.7,7
74,8,2002-05-14,WCS,LAL,,SAS,5,W (+6),1,46:00:00,10,20,0.5,0,1,0,6,7,0.857,3,5,8,5,1,0,0,1,26,23.3,2
75,9,2002-05-18,WCF,LAL,@,SAC,1,W (+7),1,44:00:00,12,26,0.462,0,2,0,6,7,0.857,1,5,6,5,2,2,5,1,30,19.9,7
76,10,2002-05-20,WCF,LAL,@,SAC,2,L (-6),1,40:00:00,9,21,0.429,1,2,0.5,3,5,0.6,1,5,6,2,1,1,4,3,22,10.2,-3
77,11,2002-05-24,WCF,LAL,,SAC,3,L (-13),1,40:00:00,8,24,0.333,4,9,0.444,2,2,1,1,1,2,3,2,2,2,6,22,10.5,-18
78,12,2002-05-26,WCF,LAL,,SAC,4,W (+1),1,42:00:00,12,26,0.462,0,1,0,1,3,0.333,2,2,4,2,2,3,4,5,25,12.3,7
79,13,2002-05-28,WCF,LAL,@,SAC,5,L (-1),1,45:00:00,11,29,0.379,0,2,0,8,11,0.727,2,3,5,3,1,0,5,5,30,11.3,-5
80,14,2002-05-31,WCF,LAL,,SAC,6,W (+4),1,44:00:00,10,20,0.5,0,0,,11,11,1,2,9,11,5,0,0,1,3,31,26.4,3
81,15,2002-06-02,WCF,LAL,@,SAC,7,W (+6),1,52:00:00,10,26,0.385,2,3,0.667,8,10,0.8,3,7,10,7,2,0,0,5,30,24.1,8
82,16,2002-06-05,FIN,LAL,,NJN,1,W (+5),1,43:00:00,6,16,0.375,0,2,0,10,11,0.909,1,2,3,6,1,0,4,2,22,14.5,7
83,17,2002-06-07,FIN,LAL,,NJN,2,W (+23),1,42:00:00,9,15,0.6,3,3,1,3,4,0.75,1,7,8,3,2,1,4,2,24,19.5,20
84,18,2002-06-09,FIN,LAL,@,NJN,3,W (+3),1,46:00:00,14,23,0.609,1,3,0.333,7,10,0.7,1,5,6,4,1,2,6,3,36,24.5,1
85,19,2002-06-12,FIN,LAL,@,NJN,4,W (+6),1,44:00:00,7,16,0.438,2,3,0.667,9,11,0.818,0,6,6,8,2,0,1,4,25,22.6,6
86,1,2003-04-20,WC1,LAL,@,MIN,1,W (+19),1,45:00:00,16,30,0.533,1,3,0.333,6,6,1,1,4,5,8,1,0,1,3,39,30.7,18
87,2,2003-04-22,WC1,LAL,@,MIN,2,L (-28),1,46:00:00,9,28,0.321,2,6,0.333,7,9,0.778,0,4,4,8,1,0,3,4,27,13.4,-26
88,3,2003-04-24,WC1,LAL,,MIN,3,L (-4),1,50:00:00,10,28,0.357,1,5,0.2,9,10,0.9,3,4,7,6,1,0,6,1,30,16.1,-3
89,4,2003-04-27,WC1,LAL,,MIN,4,W (+5),1,47:00:00,7,25,0.28,2,3,0.667,16,17,0.941,1,4,5,5,3,0,1,2,32,23.5,5
90,5,2003-04-29,WC1,LAL,@,MIN,5,W (+30),1,40:00:00,12,21,0.571,2,4,0.5,6,8,0.75,3,5,8,5,1,0,2,0,32,27.4,29
91,6,2003-05-01,WC1,LAL,,MIN,6,W (+16),1,42:00:00,14,26,0.538,2,7,0.286,1,2,0.5,1,1,2,8,1,0,2,4,31,22,19
92,7,2003-05-05,WCS,LAL,@,SAS,1,L (-5),1,45:00:00,16,38,0.421,3,4,0.75,2,2,1,1,3,4,2,0,0,5,3,37,13.6,1
93,8,2003-05-07,WCS,LAL,@,SAS,2,L (-19),1,41:00:00,9,24,0.375,2,6,0.333,7,10,0.7,0,6,6,1,0,0,5,4,27,8.5,-22
94,9,2003-05-09,WCS,LAL,,SAS,3,W (+15),1,43:00:00,10,23,0.435,2,4,0.5,17,19,0.895,2,2,4,4,1,0,4,2,39,27.1,23
95,10,2003-05-11,WCS,LAL,,SAS,4,W (+4),1,40:00:00,10,24,0.417,1,4,0.25,14,17,0.824,2,5,7,3,2,1,2,5,35,24.7,-2
96,11,2003-05-13,WCS,LAL,@,SAS,5,L (-2),1,48:00:00,15,31,0.484,5,11,0.455,1,2,0.5,2,5,7,6,2,0,4,3,36,23.8,-2
97,12,2003-05-15,WCS,LAL,,SAS,6,L (-28),1,43:00:00,9,19,0.474,2,5,0.4,0,2,0,0,2,2,6,1,0,7,4,20,6.7,-20
98,1,2004-04-17,WC1,LAL,,HOU,1,W (+1),1,43:00:00,4,19,0.211,1,4,0.25,7,8,0.875,1,4,5,6,5,0,0,2,16,14.2,2
99,2,2004-04-19,WC1,LAL,,HOU,2,W (+14),1,45:00:00,9,20,0.45,2,6,0.333,16,17,0.941,0,4,4,4,1,0,1,3,36,28,17
100,3,2004-04-23,WC1,LAL,@,HOU,3,L (-11),1,43:00:00,7,20,0.35,0,3,0,7,8,0.875,3,4,7,6,3,1,1,4,21,18,-12
101,4,2004-04-25,WC1,LAL,@,HOU,4,W (+4),1,50:00:00,7,21,0.333,0,2,0,4,5,0.8,2,4,6,5,2,0,3,4,18,9.2,-1
102,5,2004-04-28,WC1,LAL,,HOU,5,W (+19),1,41:00:00,12,21,0.571,1,4,0.25,6,6,1,1,5,6,10,3,0,1,3,31,31.1,23
103,6,2004-05-02,WCS,LAL,@,SAS,1,L (-10),1,45:00:00,10,26,0.385,2,6,0.333,9,10,0.9,2,8,10,4,2,0,4,1,31,20.6,-7
104,7,2004-05-05,WCS,LAL,@,SAS,2,L (-10),1,42:00:00,7,17,0.412,0,1,0,1,2,0.5,2,3,5,8,1,0,2,4,15,10.8,-8
105,8,2004-05-09,WCS,LAL,,SAS,3,W (+24),1,42:00:00,7,13,0.538,4,7,0.571,4,8,0.5,0,6,6,6,2,0,5,3,22,15.9,31
106,9,2004-05-11,WCS,LAL,,SAS,4,W (+8),1,45:00:00,15,27,0.556,2,4,0.5,10,13,0.769,0,6,6,5,3,1,0,2,42,36.1,10
107,10,2004-05-13,WCS,LAL,@,SAS,5,W (+1),1,47:00:00,11,27,0.407,0,4,0,0,0,,0,4,4,5,1,0,5,1,22,7.8,0
108,11,2004-05-15,WCS,LAL,,SAS,6,W (+12),1,44:00:00,10,20,0.5,0,3,0,6,8,0.75,0,7,7,7,1,0,4,2,26,18.4,11
109,12,2004-05-21,WCF,LAL,@,MIN,1,W (+9),1,45:00:00,9,20,0.45,0,1,0,5,8,0.625,0,3,3,6,3,0,3,2,23,15.7,8
110,13,2004-05-23,WCF,LAL,@,MIN,2,L (-18),1,41:00:00,10,24,0.417,0,4,0,7,10,0.7,2,3,5,6,2,0,2,1,27,19.1,-16
111,14,2004-05-25,WCF,LAL,,MIN,3,W (+11),1,45:00:00,5,12,0.417,2,6,0.333,10,11,0.909,0,2,2,6,0,0,4,3,22,14.8,11
112,15,2004-05-27,WCF,LAL,,MIN,4,W (+7),1,41:00:00,10,24,0.417,2,8,0.25,9,10,0.9,2,6,8,4,1,1,4,3,31,20.3,4
113,16,2004-05-29,WCF,LAL,@,MIN,5,L (-2),1,44:00:00,8,19,0.421,3,8,0.375,4,6,0.667,1,5,6,7,1,0,4,3,23,15,-1
114,17,2004-05-31,WCF,LAL,,MIN,6,W (+6),1,39:00:00,6,17,0.353,1,3,0.333,7,11,0.636,0,0,0,4,2,1,0,3,20,13.2,10
115,18,2004-06-06,FIN,LAL,,DET,1,L (-12),1,47:00:00,10,27,0.37,1,6,0.167,4,4,1,1,3,4,4,4,2,3,2,25,16.1,-12
116,19,2004-06-08,FIN,LAL,,DET,2,W (+8),1,49:00:00,14,27,0.519,1,5,0.2,4,5,0.8,0,4,4,7,2,0,5,5,33,20.4,7
117,20,2004-06-10,FIN,LAL,@,DET,3,L (-20),1,45:00:00,4,13,0.308,0,4,0,3,3,1,0,3,3,5,1,1,4,3,11,4.4,-20
118,21,2004-06-13,FIN,LAL,@,DET,4,L (-8),1,45:00:00,8,25,0.32,2,6,0.333,2,2,1,0,0,0,2,1,0,3,3,20,3.9,-8
119,22,2004-06-15,FIN,LAL,@,DET,5,L (-13),1,45:00:00,7,21,0.333,0,2,0,10,11,0.909,1,2,3,4,1,0,3,2,24,13,-19
120,1,2006-04-23,WC1,LAL,@,PHO,1,L (-5),1,46:51:00,7,21,0.333,1,6,0.167,7,8,0.875,1,5,6,5,0,1,3,3,22,11.9,-7
121,2,2006-04-26,WC1,LAL,@,PHO,2,W (+6),1,44:58:00,12,24,0.5,1,1,1,4,6,0.667,0,10,10,5,1,0,4,4,29,18.1,2
122,3,2006-04-28,WC1,LAL,,PHO,3,W (+7),1,45:40:00,6,18,0.333,0,3,0,5,6,0.833,1,4,5,7,4,0,4,2,17,12.4,11
123,4,2006-04-30,WC1,LAL,,PHO,4,W (+1),1,38:30:00,9,14,0.643,0,1,0,6,8,0.75,1,3,4,8,0,0,7,5,24,15.2,-1
124,5,2006-05-02,WC1,LAL,@,PHO,5,L (-17),1,43:03:00,10,17,0.588,3,8,0.375,6,9,0.667,0,7,7,5,0,1,5,3,29,20,-19
125,6,2006-05-04,WC1,LAL,,PHO,6,L (-8),1,52:06:00,20,35,0.571,5,8,0.625,5,6,0.833,1,7,8,5,3,0,7,4,50,33.8,-6
126,7,2006-05-06,WC1,LAL,@,PHO,7,L (-31),1,43:06:00,8,16,0.5,4,8,0.5,4,5,0.8,0,4,4,1,0,1,3,4,24,13.6,-28
127,1,2007-04-22,WC1,LAL,@,PHO,1,L (-8),1,43:11:00,15,33,0.455,4,8,0.5,5,7,0.714,0,5,5,1,0,0,2,3,39,20.1,-13
128,2,2007-04-24,WC1,LAL,@,PHO,2,L (-28),1,34:09:00,5,13,0.385,1,4,0.25,4,4,1,1,3,4,5,1,0,3,0,15,11,-23
129,3,2007-04-26,WC1,LAL,,PHO,3,W (+6),1,44:49:00,15,26,0.577,2,3,0.667,13,13,1,0,6,6,6,1,1,5,3,45,34.3,1
130,4,2007-04-29,WC1,LAL,,PHO,4,L (-13),1,46:22:00,12,25,0.48,1,5,0.2,6,6,1,0,7,7,9,2,1,6,2,31,22.6,-9
131,5,2007-05-02,WC1,LAL,@,PHO,5,L (-9),1,46:13:00,13,33,0.394,2,8,0.25,6,7,0.857,0,4,4,1,1,0,6,2,34,11.8,-1
132,1,2008-04-20,WC1,LAL,,DEN,1,W (+14),1,37:03:00,9,26,0.346,1,5,0.2,13,14,0.929,0,3,3,1,1,2,1,5,32,18,3
133,2,2008-04-23,WC1,LAL,,DEN,2,W (+15),1,42:23:00,18,27,0.667,5,9,0.556,8,9,0.889,1,3,4,10,1,1,2,4,49,43.6,13
134,3,2008-04-26,WC1,LAL,@,DEN,3,W (+18),1,36:09:00,9,19,0.474,1,8,0.125,3,5,0.6,1,6,7,8,1,1,2,2,22,18.5,21
135,4,2008-04-28,WC1,LAL,@,DEN,4,W (+6),1,41:30:00,12,24,0.5,3,8,0.375,4,10,0.4,1,6,7,6,3,2,6,3,31,20.5,10
136,5,2008-05-04,WCS,LAL,,UTA,1,W (+11),1,39:56:00,8,16,0.5,1,2,0.5,21,23,0.913,0,6,6,7,1,0,3,3,38,32.7,7
137,6,2008-05-07,WCS,LAL,,UTA,2,W (+10),1,37:31:00,11,18,0.611,1,2,0.5,11,12,0.917,0,8,8,6,1,0,5,4,34,26.4,18
138,7,2008-05-09,WCS,LAL,@,UTA,3,L (-5),1,42:04:00,10,20,0.5,0,6,0,14,17,0.824,2,4,6,7,0,1,4,4,34,25.4,3
139,8,2008-05-11,WCS,LAL,@,UTA,4,L (-8),1,46:32:00,13,33,0.394,1,10,0.1,6,10,0.6,2,6,8,10,1,0,3,1,33,21.3,-7
140,9,2008-05-14,WCS,LAL,,UTA,5,W (+7),1,41:03:00,6,10,0.6,1,2,0.5,13,17,0.765,0,6,6,7,2,0,4,3,26,23.3,1
141,10,2008-05-16,WCS,LAL,@,UTA,6,W (+3),1,39:31:00,9,19,0.474,1,2,0.5,15,17,0.882,0,8,8,6,0,0,5,4,34,23.5,7
142,11,2008-05-21,WCF,LAL,,SAS,1,W (+4),1,43:34:00,11,21,0.524,1,3,0.333,4,4,1,0,5,5,9,1,0,1,1,27,24.1,2
143,12,2008-05-23,WCF,LAL,,SAS,2,W (+30),1,36:03:00,10,17,0.588,1,5,0.2,1,1,1,0,5,5,5,1,0,3,0,22,17.1,24
144,13,2008-05-25,WCF,LAL,@,SAS,3,L (-19),1,37:47:00,13,23,0.565,4,9,0.444,0,1,0,1,4,5,1,3,0,4,3,30,19.1,-10
145,14,2008-05-27,WCF,LAL,@,SAS,4,W (+2),1,41:18:00,14,29,0.483,0,1,0,0,0,,2,8,10,1,1,0,2,1,28,16.4,5
146,15,2008-05-29,WCF,LAL,,SAS,5,W (+8),1,42:33:00,16,30,0.533,2,6,0.333,5,5,1,0,3,3,3,2,0,2,2,39,26.6,6
147,16,2008-06-05,FIN,LAL,@,BOS,1,L (-10),1,41:52:00,9,26,0.346,0,3,0,6,6,1,0,3,3,6,1,1,4,3,24,11,-13
148,17,2008-06-08,FIN,LAL,@,BOS,2,L (-6),1,40:28:00,11,23,0.478,1,3,0.333,7,7,1,1,3,4,8,3,0,4,3,30,23.3,8
149,18,2008-06-10,FIN,LAL,,BOS,3,W (+6),1,45:15:00,12,20,0.6,1,2,0.5,11,18,0.611,3,4,7,1,2,0,3,4,36,25.4,2
150,19,2008-06-12,FIN,LAL,,BOS,4,L (-6),1,43:21:00,6,19,0.316,0,2,0,5,6,0.833,0,4,4,10,4,0,2,4,17,14.3,-9
151,20,2008-06-15,FIN,LAL,,BOS,5,W (+5),1,44:20:00,8,21,0.381,4,9,0.444,5,7,0.714,3,4,7,4,5,0,6,4,25,16.2,8
152,21,2008-06-17,FIN,LAL,@,BOS,6,L (-39),1,42:46:00,7,22,0.318,3,9,0.333,5,5,1,1,2,3,1,1,0,4,1,22,8,-35
153,1,2009-04-19,WC1,LAL,,UTA,1,W (+13),1,39:46:00,9,17,0.529,0,4,0,6,7,0.857,0,4,4,8,2,1,6,2,24,18,13
154,2,2009-04-21,WC1,LAL,,UTA,2,W (+10),1,38:16:00,8,17,0.471,1,3,0.333,9,10,0.9,0,6,6,9,2,0,3,2,26,23.2,17
155,3,2009-04-23,WC1,LAL,@,UTA,3,L (-2),1,43:08:00,5,24,0.208,1,4,0.25,7,8,0.875,2,5,7,6,2,0,2,4,18,8.3,-7
156,4,2009-04-25,WC1,LAL,@,UTA,4,W (+14),1,39:37:00,16,24,0.667,1,2,0.5,5,5,1,0,6,6,1,2,0,3,2,38,28.3,4
157,5,2009-04-27,WC1,LAL,,UTA,5,W (+11),1,42:30:00,10,21,0.476,3,4,0.75,8,9,0.889,0,2,2,4,4,1,5,2,31,22.2,18
158,6,2009-05-04,WCS,LAL,,HOU,1,L (-8),1,43:57:00,14,31,0.452,1,7,0.143,3,5,0.6,0,8,8,4,2,0,2,3,32,19.1,-6
159,7,2009-05-06,WCS,LAL,,HOU,2,W (+13),1,40:09:00,16,27,0.593,2,3,0.667,6,7,0.857,2,4,6,3,1,0,2,1,40,30.4,19
160,8,2009-05-08,WCS,LAL,@,HOU,3,W (+14),1,44:15:00,11,28,0.393,4,6,0.667,7,8,0.875,2,4,6,3,2,3,0,2,33,25.4,17
161,9,2009-05-10,WCS,LAL,@,HOU,4,L (-12),1,34:39:00,7,17,0.412,1,4,0.25,0,0,,0,2,2,5,4,0,0,1,15,13.6,-12
162,10,2009-05-12,WCS,LAL,,HOU,5,W (+40),1,30:49:00,10,19,0.526,1,3,0.333,5,6,0.833,0,4,4,3,1,1,4,3,26,16.1,30
163,11,2009-05-14,WCS,LAL,@,HOU,6,L (-15),1,38:26:00,11,27,0.407,1,5,0.2,9,10,0.9,1,1,2,3,1,3,2,2,32,20.5,-11
164,12,2009-05-17,WCS,LAL,,HOU,7,W (+19),1,33:21:00,4,12,0.333,1,4,0.25,5,6,0.833,1,6,7,5,3,2,1,4,14,14.6,20
165,13,2009-05-19,WCF,LAL,,DEN,1,W (+2),1,43:21:00,13,28,0.464,2,3,0.667,12,13,0.923,3,3,6,4,0,1,1,3,40,29.5,-5
166,14,2009-05-21,WCF,LAL,,DEN,2,L (-3),1,39:42:00,10,20,0.5,2,4,0.5,10,10,1,2,3,5,3,1,1,2,4,32,24.5,0
167,15,2009-05-23,WCF,LAL,@,DEN,3,W (+6),1,41:13:00,12,24,0.5,2,5,0.4,15,17,0.882,1,5,6,5,2,0,1,4,41,33.3,4
168,16,2009-05-25,WCF,LAL,@,DEN,4,L (-19),1,41:12:00,10,26,0.385,2,10,0.2,12,13,0.923,1,6,7,5,1,0,1,3,34,24.2,-11
169,17,2009-05-27,WCF,LAL,,DEN,5,W (+9),1,44:54:00,6,13,0.462,1,6,0.167,9,10,0.9,1,4,5,8,1,0,7,3,22,15.2,11
170,18,2009-05-29,WCF,LAL,@,DEN,6,W (+27),1,41:34:00,12,20,0.6,2,4,0.5,9,9,1,0,6,6,10,0,1,1,1,35,33.9,31
171,19,2009-06-04,FIN,LAL,,ORL,1,W (+25),1,37:58:00,16,34,0.471,0,1,0,8,8,1,1,7,8,8,2,2,1,1,40,33,25
172,20,2009-06-07,FIN,LAL,,ORL,2,W (+5),1,48:30:00,10,22,0.455,1,4,0.25,8,10,0.8,0,4,4,8,2,0,7,2,29,17.8,2
173,21,2009-06-09,FIN,LAL,@,ORL,3,L (-4),1,40:16:00,11,25,0.44,4,9,0.444,5,10,0.5,1,2,3,8,0,0,4,5,31,16.8,-3
174,22,2009-06-11,FIN,LAL,@,ORL,4,W (+8),1,48:52:00,11,31,0.355,2,6,0.333,8,8,1,1,6,7,8,1,1,3,3,32,20.3,11
175,23,2009-06-14,FIN,LAL,@,ORL,5,W (+13),1,43:18:00,10,23,0.435,2,5,0.4,8,8,1,0,6,6,5,2,4,1,2,30,26.2,14
176,1,2010-04-18,WC1,LAL,,OKC,1,W (+8),1,41:00:00,6,19,0.316,2,5,0.4,7,12,0.583,1,1,2,3,2,1,2,5,21,9.9,9
177,2,2010-04-20,WC1,LAL,,OKC,2,W (+3),1,40:55:00,12,28,0.429,2,5,0.4,13,15,0.867,1,4,5,1,2,0,4,4,39,22.4,-2
178,3,2010-04-22,WC1,LAL,@,OKC,3,L (-5),1,41:22:00,10,29,0.345,4,11,0.364,0,0,,0,4,4,8,2,0,3,4,24,11.9,1
179,4,2010-04-24,WC1,LAL,@,OKC,4,L (-21),1,32:04:00,5,10,0.5,1,1,1,1,2,0.5,1,2,3,4,0,0,3,3,12,6.5,-14
180,5,2010-04-27,WC1,LAL,,OKC,5,W (+24),1,29:17:00,4,9,0.444,0,2,0,5,7,0.714,0,3,3,7,2,0,4,3,13,10.1,27
181,6,2010-04-30,WC1,LAL,@,OKC,6,W (+1),1,35:57:00,12,25,0.48,3,4,0.75,5,7,0.714,1,6,7,3,0,0,5,4,32,16.5,1
182,7,2010-05-02,WCS,LAL,,UTA,1,W (+5),1,36:36:00,12,19,0.632,0,2,0,7,7,1,0,3,3,4,0,0,4,3,31,21,8
183,8,2010-05-04,WCS,LAL,,UTA,2,W (+8),1,42:07:00,10,22,0.455,0,1,0,10,11,0.909,0,5,5,8,1,3,7,3,30,20.2,5
184,9,2010-05-08,WCS,LAL,@,UTA,3,W (+1),1,43:27:00,13,24,0.542,3,7,0.429,6,8,0.75,0,4,4,7,1,0,2,3,35,26.5,1
185,10,2010-05-10,WCS,LAL,@,UTA,4,W (+15),1,42:09:00,11,23,0.478,0,2,0,10,12,0.833,0,3,3,4,1,0,3,3,32,20,9
186,11,2010-05-17,WCF,LAL,,PHO,1,W (+21),1,35:28:00,13,23,0.565,3,6,0.5,11,12,0.917,0,5,5,5,1,0,2,1,40,32.3,22
187,12,2010-05-19,WCF,LAL,,PHO,2,W (+12),1,43:02:00,8,19,0.421,1,3,0.333,4,4,1,2,3,5,13,0,1,2,2,21,20.2,14
188,13,2010-05-23,WCF,LAL,@,PHO,3,L (-9),1,42:41:00,13,24,0.542,2,8,0.25,8,8,1,2,7,9,11,1,1,5,3,36,31.1,-12
189,14,2010-05-25,WCF,LAL,@,PHO,4,L (-9),1,44:42:00,15,22,0.682,6,9,0.667,2,4,0.5,1,6,7,10,1,1,2,3,38,35.8,-4
190,15,2010-05-27,WCF,LAL,,PHO,5,W (+2),1,42:37:00,12,27,0.444,4,10,0.4,2,3,0.667,3,8,11,9,0,4,2,3,30,25.9,4
191,16,2010-05-29,WCF,LAL,@,PHO,6,W (+8),1,40:58:00,12,25,0.48,3,8,0.375,10,11,0.909,2,4,6,2,2,0,2,1,37,27.5,19
192,17,2010-06-03,FIN,LAL,,BOS,1,W (+13),1,38:45:00,10,22,0.455,1,2,0.5,9,10,0.9,1,6,7,6,1,1,4,4,30,21,8
193,18,2010-06-06,FIN,LAL,,BOS,2,L (-9),1,34:18:00,8,20,0.4,2,7,0.286,3,3,1,0,5,5,6,4,0,5,5,21,12.9,-9
194,19,2010-06-08,FIN,LAL,@,BOS,3,W (+7),1,43:52:00,10,29,0.345,1,7,0.143,8,8,1,2,5,7,4,2,3,1,2,29,20.7,10
195,20,2010-06-10,FIN,LAL,@,BOS,4,L (-7),1,43:04:00,10,22,0.455,6,11,0.545,7,8,0.875,0,6,6,2,2,0,7,5,33,17.4,-8
196,21,2010-06-13,FIN,LAL,@,BOS,5,L (-6),1,43:53:00,13,27,0.481,4,10,0.4,8,9,0.889,2,3,5,4,1,1,4,5,38,24.7,-6
197,22,2010-06-15,FIN,LAL,,BOS,6,W (+22),1,39:37:00,9,19,0.474,1,4,0.25,7,7,1,3,8,11,3,4,0,2,2,26,24.1,15
198,23,2010-06-17,FIN,LAL,,BOS,7,W (+4),1,44:51:00,6,24,0.25,0,6,0,11,15,0.733,4,11,15,2,1,0,4,4,23,9.9,0
199,1,2011-04-17,WC1,LAL,,NOH,1,L (-9),1,42:05:00,13,26,0.5,1,2,0.5,7,8,0.875,1,3,4,5,0,1,5,2,34,20.6,2
200,2,2011-04-20,WC1,LAL,,NOH,2,W (+9),1,34:46:00,3,10,0.3,0,2,0,5,8,0.625,2,1,3,2,1,0,2,4,11,4.5,1
201,3,2011-04-22,WC1,LAL,@,NOH,3,W (+14),1,34:13:00,10,20,0.5,4,7,0.571,6,7,0.857,0,6,6,2,3,1,4,2,30,21.7,15
202,4,2011-04-24,WC1,LAL,@,NOH,4,L (-5),1,36:05:00,5,18,0.278,0,3,0,7,9,0.778,1,5,6,8,1,0,2,4,17,10.8,-1
203,5,2011-04-26,WC1,LAL,,NOH,5,W (+16),1,28:38:00,8,13,0.615,0,1,0,3,4,0.75,1,1,2,4,1,0,3,3,19,13.3,9
204,6,2011-04-28,WC1,LAL,@,NOH,6,W (+18),1,30:17:00,6,16,0.375,2,4,0.5,10,10,1,1,0,1,2,3,0,4,1,24,15.9,15
205,7,2011-05-02,WCS,LAL,,DAL,1,L (-2),1,35:08:00,14,29,0.483,4,9,0.444,4,5,0.8,0,5,5,0,1,1,3,2,36,20.3,6
206,8,2011-05-04,WCS,LAL,,DAL,2,L (-12),1,38:01:00,9,20,0.45,1,5,0.2,4,5,0.8,0,0,0,3,5,0,1,1,23,17.9,-8
207,9,2011-05-06,WCS,LAL,@,DAL,3,L (-6),1,37:58:00,8,16,0.5,0,3,0,1,1,1,1,3,4,6,1,0,2,3,17,12.6,-6
208,10,2011-05-08,WCS,LAL,@,DAL,4,L (-36),1,37:10:00,7,18,0.389,0,5,0,3,4,0.75,1,2,3,1,0,0,5,1,17,3.4,-29
209,1,2012-04-29,WC1,LAL,,DEN,1,W (+15),1,37:14:00,11,24,0.458,0,2,0,9,11,0.818,1,4,5,4,1,0,2,4,31,19.9,26
210,2,2012-05-01,WC1,LAL,,DEN,2,W (+4),1,39:37:00,15,29,0.517,2,6,0.333,6,7,0.857,2,2,4,2,3,1,1,3,38,28.2,4
211,3,2012-05-04,WC1,LAL,@,DEN,3,L (-15),1,41:06:00,7,23,0.304,3,10,0.3,5,6,0.833,3,3,6,6,0,0,6,4,22,7.9,-12
212,4,2012-05-06,WC1,LAL,@,DEN,4,W (+4),1,38:41:00,10,25,0.4,2,7,0.286,0,1,0,2,6,8,6,1,0,5,0,22,11.5,0
213,5,2012-05-08,WC1,LAL,,DEN,5,L (-3),1,43:12:00,14,32,0.438,5,11,0.455,10,11,0.909,1,5,6,5,2,0,3,2,43,29.7,-6
214,6,2012-05-10,WC1,LAL,@,DEN,6,L (-17),1,37:03:00,13,23,0.565,1,4,0.25,4,4,1,0,2,2,4,1,0,3,3,31,20.3,-28
215,7,2012-05-12,WC1,LAL,,DEN,7,W (+9),1,45:08:00,7,16,0.438,2,2,1,1,4,0.25,1,0,1,8,0,1,3,2,17,10.6,9
216,8,2012-05-14,WCS,LAL,@,OKC,1,L (-29),1,31:55:00,7,18,0.389,1,3,0.333,5,7,0.714,0,3,3,2,0,0,3,3,20,7.5,-27
217,9,2012-05-16,WCS,LAL,@,OKC,2,L (-2),1,42:46:00,9,25,0.36,0,6,0,2,2,1,1,2,3,4,4,0,2,4,20,10.6,5
218,10,2012-05-18,WCS,LAL,,OKC,3,W (+3),1,38:58:00,9,25,0.36,0,1,0,18,18,1,2,5,7,6,2,0,2,4,36,27.6,11
219,11,2012-05-19,WCS,LAL,,OKC,4,L (-3),1,39:46:00,12,28,0.429,0,2,0,14,17,0.824,3,5,8,5,0,0,2,1,38,26.7,-9
220,12,2012-05-21,WCS,LAL,@,OKC,5,L (-16),1,40:34:00,18,33,0.545,1,6,0.167,5,7,0.714,0,5,5,0,2,0,2,3,42,25.6,-14
221,,2013-04-21,,LAL,@,SAS,L (-12),Inactive,,,,,,,,,,,,,,,,,,,,,,
222,,2013-04-24,,LAL,@,SAS,L (-11),Inactive,,,,,,,,,,,,,,,,,,,,,,
223,,2013-04-26,,LAL,,SAS,L (-31),Inactive,,,,,,,,,,,,,,,,,,,,,,
224,,2013-04-28,,LAL,,SAS,L (-21),Inactive,,,,,,,,,,,,,,,,,,,,,,
