Rk,G,1985 Playoffs,Series,Tm,,Opp,G#,,GS,MP,FG,FGA,FG%,3P,3PA,3P%,FT,FTA,FT%,ORB,DRB,TRB,AST,STL,BLK,TOV,PF,PTS,GmSc
1,1,1985-04-19,EC1,CHI,@,MIL,1,L (-9),1,44:00:00,7,19,0.368,0,1,0,9,10,0.9,1,3,4,10,3,0,1,3,23,21.5
2,2,1985-04-21,EC1,CHI,@,MIL,2,L (-7),1,43:00:00,9,17,0.529,1,4,0.25,11,12,0.917,1,3,4,12,2,0,7,5,30,24.3
3,3,1985-04-24,EC1,CHI,,MIL,3,W (+2),1,42:00:00,12,26,0.462,0,1,0,11,16,0.688,3,5,8,7,4,1,3,4,35,28.2
4,4,1985-04-26,EC1,CHI,,MIL,4,L (-8),1,42:00:00,6,16,0.375,0,2,0,17,20,0.85,2,5,7,5,2,3,4,3,29,24.3
5,1,1986-04-17,EC1,CHI,@,BOS,1,L (-19),1,43:00:00,18,36,0.5,0,0,,13,15,0.867,0,4,4,2,2,1,5,3,49,29.3
6,2,1986-04-20,EC1,CHI,@,BOS,2,L (-4),1,53:00:00,22,41,0.537,0,0,,19,21,0.905,1,4,5,6,3,2,4,4,63,47.2
7,3,1986-04-22,EC1,CHI,,BOS,3,L (-18),1,39:00:00,8,18,0.444,1,1,1,2,3,0.667,4,6,10,9,2,1,5,6,19,15.4
8,1,1987-04-23,EC1,CHI,@,BOS,1,L (-4),1,44:00:00,12,25,0.48,0,1,0,11,11,1,0,6,6,7,4,2,2,4,35,30.8
9,2,1987-04-26,EC1,CHI,@,BOS,2,L (-9),1,45:00:00,14,29,0.483,2,3,0.667,12,14,0.857,1,3,4,4,0,4,4,3,42,28.5
10,3,1987-04-28,EC1,CHI,,BOS,3,L (-11),1,39:00:00,9,30,0.3,0,1,0,12,14,0.857,6,5,11,7,2,1,2,4,30,21.5
11,1,1988-04-28,EC1,CHI,,CLE,1,W (+11),1,44:00:00,19,35,0.543,0,0,,12,12,1,1,6,7,2,2,2,5,3,50,34.2
12,2,1988-05-01,EC1,CHI,,CLE,2,W (+5),1,44:00:00,24,45,0.533,0,0,,7,7,1,3,3,6,3,4,1,1,4,55,40.3
13,3,1988-05-03,EC1,CHI,@,CLE,3,L (-8),1,44:00:00,12,25,0.48,0,0,,14,15,0.933,2,3,5,9,2,1,4,5,38,30.2
14,4,1988-05-05,EC1,CHI,@,CLE,4,L (-6),1,42:00:00,18,25,0.72,0,0,,8,9,0.889,2,3,5,4,4,2,4,6,44,37.4
15,5,1988-05-08,EC1,CHI,,CLE,5,W (+6),1,43:00:00,12,22,0.545,0,0,,15,18,0.833,1,3,4,6,2,2,7,4,39,27.8
16,6,1988-05-10,ECS,CHI,@,DET,1,L (-11),1,40:00:00,10,22,0.455,0,1,0,9,10,0.9,5,6,11,6,0,1,5,4,29,20.8
17,7,1988-05-12,ECS,CHI,@,DET,2,W (+10),1,44:00:00,14,22,0.636,0,0,,8,10,0.8,4,7,11,1,1,1,2,5,36,28.7
18,8,1988-05-14,ECS,CHI,,DET,3,L (-22),1,38:00:00,8,20,0.4,0,0,,8,9,0.889,1,6,7,3,1,1,5,3,24,12.9
19,9,1988-05-15,ECS,CHI,,DET,4,L (-19),1,45:00:00,11,22,0.5,0,0,,1,2,0.5,2,5,7,5,6,0,3,0,23,21
20,10,1988-05-18,ECS,CHI,@,DET,5,L (-7),1,43:00:00,10,22,0.455,1,2,0.5,4,7,0.571,2,6,8,8,2,0,3,4,25,18.6
21,1,1989-04-28,EC1,CHI,@,CLE,1,W (+7),1,40:00:00,12,21,0.571,0,1,0,7,8,0.875,0,5,5,11,4,1,6,5,31,26.6
22,2,1989-04-30,EC1,CHI,@,CLE,2,L (-8),1,44:00:00,10,22,0.455,0,1,0,10,10,1,3,2,5,10,2,0,7,2,30,22.5
23,3,1989-05-03,EC1,CHI,,CLE,3,W (+7),1,39:00:00,18,34,0.529,1,1,1,7,9,0.778,2,5,7,10,5,1,5,4,44,35.6
24,4,1989-05-05,EC1,CHI,,CLE,4,L (-3),1,43:00:00,14,28,0.5,0,1,0,22,27,0.815,0,3,3,4,3,0,1,6,50,37.3
25,5,1989-05-07,EC1,CHI,@,CLE,5,W (+1),1,44:00:00,17,32,0.531,1,1,1,9,13,0.692,3,6,9,6,1,0,2,3,44,32.7
26,6,1989-05-09,ECS,CHI,@,NYK,1,W (+11),1,46:00:00,11,17,0.647,1,2,0.5,11,11,1,2,8,10,12,2,0,6,5,34,32.7
27,7,1989-05-11,ECS,CHI,@,NYK,2,L (-17),1,34:00:00,7,17,0.412,0,2,0,1,4,0.25,2,6,8,3,1,0,1,4,15,8.4
28,8,1989-05-13,ECS,CHI,,NYK,3,W (+23),1,39:00:00,14,25,0.56,1,2,0.5,11,13,0.846,2,13,15,9,6,1,3,3,40,41.4
29,9,1989-05-14,ECS,CHI,,NYK,4,W (+13),1,42:00:00,12,18,0.667,0,1,0,23,28,0.821,0,11,11,6,1,2,6,3,47,39.9
30,10,1989-05-16,ECS,CHI,@,NYK,5,L (-7),1,43:00:00,13,30,0.433,1,3,0.333,11,15,0.733,5,3,8,10,5,1,3,2,38,33.9
31,11,1989-05-19,ECS,CHI,,NYK,6,W (+2),1,45:00:00,14,22,0.636,1,3,0.333,11,12,0.917,1,4,5,10,0,4,6,3,40,34.3
32,12,1989-05-21,ECF,CHI,@,DET,1,W (+6),1,45:00:00,10,29,0.345,2,6,0.333,10,13,0.769,2,9,11,4,0,0,3,5,32,16.4
33,13,1989-05-23,ECF,CHI,@,DET,2,L (-9),1,38:00:00,9,20,0.45,0,2,0,9,11,0.818,1,3,4,4,2,1,4,5,27,16.9
34,14,1989-05-27,ECF,CHI,,DET,3,W (+2),1,45:00:00,16,26,0.615,0,3,0,14,15,0.933,3,4,7,5,5,0,2,2,46,42.8
35,15,1989-05-29,ECF,CHI,,DET,4,L (-6),1,43:00:00,5,15,0.333,1,3,0.333,12,17,0.706,0,2,2,4,1,0,1,5,23,13.9
36,16,1989-05-31,ECF,CHI,@,DET,5,L (-9),1,46:00:00,4,8,0.5,0,1,0,10,11,0.909,0,5,5,9,1,0,4,3,18,17.2
37,17,1989-06-02,ECF,CHI,,DET,6,L (-9),1,42:00:00,13,26,0.5,1,2,0.5,5,12,0.417,0,4,4,13,3,2,8,5,32,20.9
38,1,1990-04-27,EC1,CHI,,MIL,1,W (+14),1,44:00:00,15,27,0.556,0,1,0,8,11,0.727,1,7,8,7,2,1,7,4,38,25.7
39,2,1990-04-29,EC1,CHI,,MIL,2,W (+7),1,44:00:00,12,21,0.571,0,0,,12,14,0.857,1,8,9,11,5,1,5,5,36,34.8
40,3,1990-05-01,EC1,CHI,@,MIL,3,L (-7),1,46:00:00,20,35,0.571,1,5,0.2,7,9,0.778,2,7,9,5,1,2,5,4,48,33.5
41,4,1990-05-03,EC1,CHI,@,MIL,4,W (+24),1,32:00:00,8,19,0.421,0,0,,9,13,0.692,1,5,6,5,2,0,1,3,25,18.8
42,5,1990-05-07,ECS,CHI,,PHI,1,W (+11),1,43:00:00,16,30,0.533,2,4,0.5,5,6,0.833,1,4,5,6,5,2,4,3,39,31.3
43,6,1990-05-09,ECS,CHI,,PHI,2,W (+5),1,43:00:00,18,36,0.5,1,3,0.333,8,8,1,4,4,8,7,3,0,2,3,45,35.7
44,7,1990-05-11,ECS,CHI,@,PHI,3,L (-6),1,42:00:00,19,34,0.559,4,11,0.364,7,9,0.778,2,3,5,5,4,1,5,4,49,35.9
45,8,1990-05-13,ECS,CHI,@,PHI,4,W (+10),1,42:00:00,16,31,0.516,1,2,0.5,12,13,0.923,1,5,6,11,2,2,3,3,45,38.4
46,9,1990-05-16,ECS,CHI,,PHI,5,W (+18),1,42:00:00,17,26,0.654,1,3,0.333,2,4,0.5,2,7,9,8,6,1,4,2,37,35.8
47,10,1990-05-20,ECF,CHI,@,DET,1,L (-9),1,42:00:00,12,27,0.444,2,6,0.333,8,8,1,1,6,7,5,3,0,1,3,34,26.7
48,11,1990-05-22,ECF,CHI,@,DET,2,L (-9),1,45:00:00,5,16,0.313,0,2,0,10,12,0.833,1,6,7,7,4,1,3,5,20,17.1
49,12,1990-05-26,ECF,CHI,,DET,3,W (+5),1,43:00:00,17,32,0.531,2,2,1,11,13,0.846,3,7,10,4,1,0,4,3,47,33.4
50,13,1990-05-28,ECF,CHI,,DET,4,W (+7),1,43:00:00,13,26,0.5,0,1,0,16,19,0.842,0,4,4,9,4,3,4,5,42,35.4
51,14,1990-05-30,ECF,CHI,@,DET,5,L (-14),1,39:00:00,7,19,0.368,1,4,0.25,7,9,0.778,1,3,4,8,1,0,1,1,22,17.5
52,15,1990-06-01,ECF,CHI,,DET,6,W (+18),1,39:00:00,11,20,0.55,1,4,0.25,6,6,1,1,9,10,2,1,0,3,4,29,20.6
53,16,1990-06-03,ECF,CHI,@,DET,7,L (-19),1,45:00:00,13,27,0.481,0,2,0,5,5,1,2,6,8,9,1,0,4,2,31,23
54,1,1991-04-25,EC1,CHI,,NYK,1,W (+41),1,32:00:00,8,15,0.533,3,4,0.75,9,9,1,1,5,6,6,2,0,1,2,28,27.3
55,2,1991-04-28,EC1,CHI,,NYK,2,W (+10),1,42:00:00,9,16,0.563,0,0,,8,9,0.889,1,4,5,5,0,1,2,2,26,21.3
56,3,1991-04-30,EC1,CHI,@,NYK,3,W (+9),1,39:00:00,14,28,0.5,0,2,0,5,5,1,1,2,3,7,6,1,1,3,33,29.7
57,4,1991-05-04,ECS,CHI,,PHI,1,W (+13),1,31:00:00,8,15,0.533,0,1,0,13,15,0.867,0,5,5,5,3,1,1,2,29,27.8
58,5,1991-05-06,ECS,CHI,,PHI,2,W (+12),1,40:00:00,12,26,0.462,0,5,0,5,7,0.714,1,7,8,9,1,1,1,4,29,23
59,6,1991-05-10,ECS,CHI,@,PHI,3,L (-2),1,42:00:00,20,34,0.588,0,0,,6,9,0.667,0,4,4,6,1,4,2,3,46,35
60,7,1991-05-12,ECS,CHI,@,PHI,4,W (+16),1,41:00:00,11,27,0.407,2,3,0.667,1,2,0.5,0,4,4,12,4,0,1,4,25,21.1
61,8,1991-05-14,ECS,CHI,,PHI,5,W (+5),1,42:00:00,14,31,0.452,0,2,0,10,11,0.909,4,15,19,7,0,1,4,3,38,29.2
62,9,1991-05-19,ECF,CHI,,DET,1,W (+11),1,38:00:00,6,15,0.4,0,1,0,10,13,0.769,0,3,3,6,3,0,6,4,22,13.2
63,10,1991-05-21,ECF,CHI,,DET,2,W (+8),1,39:00:00,10,20,0.5,2,2,1,13,14,0.929,2,1,3,7,2,0,3,2,35,29.4
64,11,1991-05-25,ECF,CHI,@,DET,3,W (+6),1,46:00:00,11,19,0.579,0,0,,11,12,0.917,0,7,7,7,3,5,1,4,33,34.6
65,12,1991-05-27,ECF,CHI,@,DET,4,W (+21),1,37:00:00,11,17,0.647,1,2,0.5,6,9,0.667,0,8,8,8,1,2,2,2,29,27.9
66,13,1991-06-02,FIN,CHI,,LAL,1,L (-2),1,40:00:00,14,24,0.583,1,1,1,7,9,0.778,2,6,8,12,3,0,4,5,36,32.6
67,14,1991-06-05,FIN,CHI,,LAL,2,W (+21),1,36:00:00,15,18,0.833,0,1,0,3,4,0.75,1,6,7,13,2,1,4,4,33,34.7
68,15,1991-06-07,FIN,CHI,@,LAL,3,W (+8),1,52:00:00,11,28,0.393,1,1,1,6,6,1,4,5,9,9,4,2,3,5,29,24.8
69,16,1991-06-09,FIN,CHI,@,LAL,4,W (+15),1,44:00:00,11,20,0.55,0,1,0,6,6,1,1,4,5,13,0,2,1,3,28,28.6
70,17,1991-06-12,FIN,CHI,@,LAL,5,W (+7),1,48:00:00,12,23,0.522,0,0,,6,8,0.75,0,4,4,10,5,2,6,1,30,26.1
71,1,1992-04-24,EC1,CHI,,MIA,1,W (+19),1,41:00:00,21,34,0.618,0,0,,4,4,1,1,10,11,9,3,1,5,4,46,37.7
72,2,1992-04-26,EC1,CHI,,MIA,2,W (+30),1,35:00:00,12,23,0.522,0,0,,9,10,0.9,4,9,13,6,2,0,4,3,33,27.8
73,3,1992-04-29,EC1,CHI,@,MIA,3,W (+5),1,43:00:00,20,30,0.667,0,0,,16,18,0.889,1,4,5,5,4,2,2,3,56,49.8
74,4,1992-05-05,ECS,CHI,,NYK,1,L (-5),1,44:00:00,12,23,0.522,0,0,,7,8,0.875,1,5,6,3,1,3,2,4,31,23.1
75,5,1992-05-07,ECS,CHI,,NYK,2,W (+8),1,43:00:00,12,24,0.5,0,0,,3,8,0.375,1,5,6,5,3,0,2,2,27,18.9
76,6,1992-05-09,ECS,CHI,@,NYK,3,W (+8),1,44:00:00,12,24,0.5,1,3,0.333,7,10,0.7,1,8,9,3,3,1,6,2,32,20.9
77,7,1992-05-10,ECS,CHI,@,NYK,4,L (-7),1,44:00:00,12,26,0.462,0,2,0,5,6,0.833,2,2,4,4,0,0,0,1,29,19.6
78,8,1992-05-12,ECS,CHI,,NYK,5,W (+8),1,40:00:00,11,23,0.478,0,0,,15,17,0.882,2,3,5,3,1,0,4,3,37,24.7
79,9,1992-05-14,ECS,CHI,@,NYK,6,L (-14),1,45:00:00,9,25,0.36,1,5,0.2,2,4,0.5,0,4,4,8,0,1,7,0,21,6.8
80,10,1992-05-17,ECS,CHI,,NYK,7,W (+29),1,42:00:00,15,29,0.517,0,0,,12,13,0.923,3,3,6,4,2,3,5,3,42,31
81,11,1992-05-19,ECF,CHI,,CLE,1,W (+14),1,40:00:00,15,29,0.517,1,2,0.5,2,2,1,1,5,6,7,2,1,1,0,33,27.5
82,12,1992-05-21,ECF,CHI,,CLE,2,L (-26),1,35:00:00,7,22,0.318,0,0,,6,7,0.857,8,3,11,3,3,2,6,3,20,12.8
83,13,1992-05-23,ECF,CHI,@,CLE,3,W (+9),1,43:00:00,13,27,0.481,1,1,1,9,10,0.9,3,3,6,9,1,0,5,3,36,26
84,14,1992-05-25,ECF,CHI,@,CLE,4,L (-14),1,44:00:00,15,33,0.455,1,3,0.333,4,5,0.8,2,3,5,6,3,0,5,3,35,20.8
85,15,1992-05-27,ECF,CHI,,CLE,5,W (+23),1,39:00:00,13,28,0.464,0,0,,11,12,0.917,0,3,3,5,4,0,0,4,37,29
86,16,1992-05-29,ECF,CHI,@,CLE,6,W (+5),1,44:00:00,10,27,0.37,0,0,,9,9,1,1,7,8,8,2,0,3,3,29,20.3
87,17,1992-06-03,FIN,CHI,,POR,1,W (+33),1,34:00:00,16,27,0.593,6,10,0.6,1,1,1,2,1,3,11,2,0,1,0,39,36.9
88,18,1992-06-05,FIN,CHI,,POR,2,L (-11),1,50:00:00,16,32,0.5,0,4,0,7,9,0.778,1,4,5,10,1,0,5,5,39,25.1
89,19,1992-06-07,FIN,CHI,@,POR,3,W (+10),1,41:00:00,11,22,0.5,0,1,0,4,4,1,2,5,7,4,3,0,5,4,26,17.1
90,20,1992-06-10,FIN,CHI,@,POR,4,L (-5),1,44:00:00,11,26,0.423,2,6,0.333,8,8,1,0,5,5,6,0,0,5,4,32,17.3
91,21,1992-06-12,FIN,CHI,@,POR,5,W (+13),1,42:00:00,14,23,0.609,2,4,0.5,16,19,0.842,0,5,5,4,0,1,4,5,46,33.3
92,22,1992-06-14,FIN,CHI,,POR,6,W (+4),1,43:00:00,13,24,0.542,2,3,0.667,5,5,1,1,3,4,4,4,1,4,3,33,25.3
93,1,1993-04-30,EC1,CHI,,ATL,1,W (+24),1,29:00:00,15,26,0.577,2,4,0.5,3,4,0.75,3,4,7,5,0,0,0,3,35,28
94,2,1993-05-02,EC1,CHI,,ATL,2,W (+15),1,38:00:00,10,24,0.417,2,4,0.5,7,8,0.875,0,6,6,4,3,4,0,5,29,24.2
95,3,1993-05-04,EC1,CHI,@,ATL,3,W (+10),1,40:00:00,16,28,0.571,2,5,0.4,5,5,1,0,7,7,4,2,1,4,4,39,27.8
96,4,1993-05-11,ECS,CHI,,CLE,1,W (+7),1,42:00:00,16,30,0.533,0,4,0,11,11,1,0,0,0,4,3,1,3,3,43,30.7
97,5,1993-05-13,ECS,CHI,,CLE,2,W (+19),1,31:00:00,8,18,0.444,0,2,0,2,5,0.4,2,3,5,6,2,0,2,0,18,13.9
98,6,1993-05-15,ECS,CHI,@,CLE,3,W (+6),1,40:00:00,12,24,0.5,0,1,0,8,10,0.8,2,4,6,5,2,0,2,1,32,24.9
99,7,1993-05-17,ECS,CHI,@,CLE,4,W (+2),1,40:00:00,11,24,0.458,2,2,1,7,9,0.778,3,6,9,6,2,1,4,2,31,23.8
100,8,1993-05-23,ECF,CHI,@,NYK,1,L (-8),1,43:00:00,10,27,0.37,2,4,0.5,5,6,0.833,1,1,2,5,4,0,1,5,27,17.2
101,9,1993-05-25,ECF,CHI,@,NYK,2,L (-5),1,39:00:00,12,32,0.375,1,7,0.143,11,13,0.846,3,6,9,1,2,0,3,3,36,20
102,10,1993-05-29,ECF,CHI,,NYK,3,W (+20),1,38:00:00,3,18,0.167,0,0,,16,17,0.941,1,7,8,11,2,2,2,1,22,21.7
103,11,1993-05-31,ECF,CHI,,NYK,4,W (+10),1,39:00:00,18,30,0.6,6,9,0.667,12,14,0.857,0,6,6,2,2,1,2,5,54,41.3
104,12,1993-06-02,ECF,CHI,@,NYK,5,W (+3),1,45:00:00,11,24,0.458,0,1,0,7,9,0.778,2,8,10,14,2,1,5,2,29,26.3
105,13,1993-06-04,ECF,CHI,,NYK,6,W (+8),1,45:00:00,8,24,0.333,1,4,0.25,8,9,0.889,0,2,2,9,3,2,1,4,25,19.7
106,14,1993-06-09,FIN,CHI,@,PHO,1,W (+8),1,43:00:00,14,28,0.5,0,1,0,3,4,0.75,2,5,7,5,5,1,2,2,31,25.9
107,15,1993-06-11,FIN,CHI,@,PHO,2,W (+3),1,40:00:00,18,36,0.5,2,2,1,4,5,0.8,5,7,12,9,2,0,5,2,42,31.7
108,16,1993-06-13,FIN,CHI,,PHO,3,L (-8),1,57:00:00,19,43,0.442,3,9,0.333,3,6,0.5,3,6,9,6,2,1,3,5,44,26.1
109,17,1993-06-16,FIN,CHI,,PHO,4,W (+6),1,46:00:00,21,37,0.568,0,1,0,13,18,0.722,1,7,8,4,0,0,1,3,55,38.9
110,18,1993-06-18,FIN,CHI,,PHO,5,L (-10),1,44:00:00,16,29,0.552,2,7,0.286,7,10,0.7,1,6,7,7,0,2,2,5,41,30.7
111,19,1993-06-20,FIN,CHI,@,PHO,6,W (+1),1,44:00:00,13,26,0.5,3,5,0.6,4,6,0.667,3,5,8,7,1,0,3,3,33,24.5
112,1,1995-04-28,EC1,CHI,@,CHH,1,W (+8),1,47:00:00,18,32,0.563,1,4,0.25,11,11,1,1,8,9,8,1,1,3,1,48,39.8
113,2,1995-04-30,EC1,CHI,@,CHH,2,L (-17),1,40:00:00,13,25,0.52,3,6,0.5,3,6,0.5,3,4,7,7,0,0,5,5,32,19.7
114,3,1995-05-02,EC1,CHI,,CHH,3,W (+23),1,38:00:00,9,19,0.474,1,2,0.5,6,7,0.857,2,4,6,3,4,2,6,3,25,17.8
115,4,1995-05-04,EC1,CHI,,CHH,4,W (+1),1,41:00:00,8,21,0.381,3,5,0.6,5,6,0.833,1,3,4,5,3,0,3,4,24,15.6
116,5,1995-05-07,ECS,CHI,@,ORL,1,L (-3),1,40:00:00,8,22,0.364,0,2,0,3,5,0.6,2,3,5,3,1,0,8,2,19,2.6
117,6,1995-05-10,ECS,CHI,@,ORL,2,W (+10),1,43:00:00,17,30,0.567,1,1,1,3,8,0.375,3,4,7,3,4,4,2,4,38,30.4
118,7,1995-05-12,ECS,CHI,,ORL,3,L (-9),1,43:00:00,15,31,0.484,0,3,0,10,10,1,4,3,7,4,0,1,4,3,40,26.3
119,8,1995-05-14,ECS,CHI,,ORL,4,W (+11),1,44:00:00,9,21,0.429,0,1,0,8,8,1,2,5,7,3,4,0,4,2,26,19.1
120,9,1995-05-16,ECS,CHI,@,ORL,5,L (-8),1,45:00:00,15,28,0.536,1,4,0.25,8,8,1,0,4,4,2,2,2,0,1,39,31
121,10,1995-05-18,ECS,CHI,,ORL,6,L (-6),1,39:00:00,8,19,0.421,1,2,0.5,7,10,0.7,2,7,9,7,4,4,6,5,24,19.9
122,1,1996-04-26,EC1,CHI,,MIA,1,W (+17),1,38:00:00,13,22,0.591,0,1,0,9,12,0.75,2,2,4,2,1,1,4,5,35,22.7
123,2,1996-04-28,EC1,CHI,,MIA,2,W (+31),1,32:00:00,9,17,0.529,2,3,0.667,9,12,0.75,0,4,4,4,1,0,0,0,29,24.5
124,3,1996-05-01,EC1,CHI,@,MIA,3,W (+21),1,33:00:00,10,23,0.435,3,6,0.5,3,3,1,1,2,3,2,3,0,0,0,26,19.6
125,4,1996-05-05,ECS,CHI,,NYK,1,W (+7),1,41:00:00,17,35,0.486,1,5,0.2,9,9,1,1,4,5,2,0,0,1,4,44,27
126,5,1996-05-07,ECS,CHI,,NYK,2,W (+11),1,40:00:00,11,25,0.44,1,3,0.333,5,5,1,3,2,5,5,3,0,2,0,28,22.1
127,6,1996-05-11,ECS,CHI,@,NYK,3,L (-3),1,51:00:00,17,35,0.486,2,5,0.4,10,13,0.769,3,1,4,2,2,0,4,2,46,28.1
128,7,1996-05-12,ECS,CHI,@,NYK,4,W (+3),1,40:00:00,7,23,0.304,2,7,0.286,11,13,0.846,2,6,8,8,2,1,0,5,27,22.4
129,8,1996-05-14,ECS,CHI,,NYK,5,W (+13),1,43:00:00,13,29,0.448,1,2,0.5,8,9,0.889,1,1,2,5,2,0,2,5,35,22
130,9,1996-05-19,ECF,CHI,,ORL,1,W (+38),1,37:00:00,9,17,0.529,1,2,0.5,2,3,0.667,2,5,7,4,2,0,3,3,21,15.8
131,10,1996-05-21,ECF,CHI,,ORL,2,W (+5),1,43:00:00,9,21,0.429,2,4,0.5,15,16,0.938,1,4,5,6,4,1,2,2,35,31.5
132,11,1996-05-25,ECF,CHI,@,ORL,3,W (+19),1,39:00:00,5,14,0.357,1,1,1,6,11,0.545,3,4,7,4,2,1,2,1,17,13.6
133,12,1996-05-27,ECF,CHI,@,ORL,4,W (+5),1,44:00:00,16,23,0.696,3,4,0.75,10,14,0.714,2,1,3,5,1,1,4,5,45,34.6
134,13,1996-06-05,FIN,CHI,,SEA,1,W (+17),1,41:00:00,9,18,0.5,1,4,0.25,9,10,0.9,0,7,7,2,2,1,2,4,28,21.2
135,14,1996-06-07,FIN,CHI,,SEA,2,W (+4),1,43:00:00,9,22,0.409,1,2,0.5,10,16,0.625,2,4,6,8,2,0,2,3,29,21.8
136,15,1996-06-09,FIN,CHI,@,SEA,3,W (+22),1,41:00:00,11,23,0.478,3,4,0.75,11,11,1,2,1,3,5,2,0,3,1,36,28.1
137,16,1996-06-12,FIN,CHI,@,SEA,4,L (-21),1,41:00:00,6,19,0.316,0,2,0,11,13,0.846,1,2,3,2,1,0,4,3,23,9.8
138,17,1996-06-14,FIN,CHI,@,SEA,5,L (-11),1,43:00:00,11,22,0.5,0,4,0,4,5,0.8,2,2,4,1,1,0,2,3,26,15.1
139,18,1996-06-16,FIN,CHI,,SEA,6,W (+12),1,43:00:00,5,19,0.263,1,3,0.333,11,12,0.917,3,6,9,7,2,0,5,3,22,14.9
140,1,1997-04-25,EC1,CHI,,WSB,1,W (+12),1,42:00:00,12,25,0.48,0,1,0,5,5,1,0,8,8,8,2,0,3,5,29,21.3
141,2,1997-04-27,EC1,CHI,,WSB,2,W (+5),1,44:00:00,22,35,0.629,1,2,0.5,10,10,1,3,4,7,2,2,0,2,3,55,42.8
142,3,1997-04-30,EC1,CHI,@,WSB,3,W (+1),1,43:00:00,14,24,0.583,0,5,0,0,0,,1,1,2,6,0,1,2,2,28,19.9
143,4,1997-05-06,ECS,CHI,,ATL,1,W (+3),1,44:00:00,13,25,0.52,1,3,0.333,7,10,0.7,3,8,11,6,4,3,3,3,34,31.1
144,5,1997-05-08,ECS,CHI,,ATL,2,L (-8),1,44:00:00,12,29,0.414,0,6,0,3,3,1,6,10,16,6,0,1,1,2,27,21.8
145,6,1997-05-10,ECS,CHI,@,ATL,3,W (+20),1,39:00:00,8,20,0.4,0,1,0,5,5,1,3,6,9,3,2,2,5,3,21,13.4
146,7,1997-05-11,ECS,CHI,@,ATL,4,W (+9),1,43:00:00,12,22,0.545,0,2,0,3,5,0.6,2,6,8,4,2,1,5,1,27,18.9
147,8,1997-05-13,ECS,CHI,,ATL,5,W (+15),1,40:00:00,9,23,0.391,1,5,0.2,5,5,1,2,5,7,7,2,0,2,0,24,19.3
148,9,1997-05-20,ECF,CHI,,MIA,1,W (+7),1,42:00:00,15,31,0.484,0,2,0,7,10,0.7,3,6,9,3,1,1,2,3,37,24.6
149,10,1997-05-22,ECF,CHI,,MIA,2,W (+7),1,43:00:00,4,15,0.267,0,1,0,15,16,0.938,2,7,9,3,4,1,2,1,23,21.6
150,11,1997-05-24,ECF,CHI,@,MIA,3,W (+24),1,36:00:00,14,25,0.56,1,2,0.5,5,5,1,3,5,8,1,1,0,3,3,34,23.2
151,12,1997-05-26,ECF,CHI,@,MIA,4,L (-7),1,45:00:00,9,35,0.257,0,8,0,11,13,0.846,4,4,8,1,1,0,2,2,29,10.2
152,13,1997-05-28,ECF,CHI,,MIA,5,W (+13),1,43:00:00,11,31,0.355,1,4,0.25,5,6,0.833,1,5,6,5,2,2,4,4,28,13.8
153,14,1997-06-01,FIN,CHI,,UTA,1,W (+2),1,41:00:00,13,27,0.481,0,0,,5,7,0.714,1,3,4,8,0,1,0,3,31,23.2
154,15,1997-06-04,FIN,CHI,,UTA,2,W (+12),1,45:00:00,11,20,0.55,1,2,0.5,15,21,0.714,4,9,13,9,2,0,5,2,38,34
155,16,1997-06-06,FIN,CHI,@,UTA,3,L (-11),1,40:00:00,9,22,0.409,4,10,0.4,4,5,0.8,0,3,3,6,1,2,1,1,26,19.9
156,17,1997-06-08,FIN,CHI,@,UTA,4,L (-5),1,42:00:00,11,27,0.407,0,4,0,0,0,,1,3,4,4,0,0,3,3,22,7.7
157,18,1997-06-11,FIN,CHI,@,UTA,5,W (+2),1,44:00:00,13,27,0.481,2,5,0.4,10,12,0.833,2,5,7,5,3,1,3,3,38,29.4
158,19,1997-06-13,FIN,CHI,,UTA,6,W (+4),1,44:00:00,15,35,0.429,1,4,0.25,8,10,0.8,1,10,11,4,1,1,1,2,39,26.1
159,1,1998-04-24,EC1,CHI,,NJN,1,W (+3),1,47:00:00,11,27,0.407,0,2,0,17,23,0.739,0,7,7,3,1,1,3,1,39,24.6
160,2,1998-04-26,EC1,CHI,,NJN,2,W (+5),1,39:00:00,9,19,0.474,0,0,,14,17,0.824,1,3,4,2,1,1,5,2,32,20
161,3,1998-04-29,EC1,CHI,@,NJN,3,W (+15),1,44:00:00,16,22,0.727,2,2,1,4,5,0.8,2,2,4,3,2,1,2,2,38,32.6
162,4,1998-05-03,ECS,CHI,,CHH,1,W (+13),1,44:00:00,11,26,0.423,1,3,0.333,12,14,0.857,4,7,11,4,1,1,3,0,35,26.8
163,5,1998-05-06,ECS,CHI,,CHH,2,L (-2),1,40:00:00,10,21,0.476,0,3,0,2,3,0.667,1,4,5,6,0,0,0,2,22,16.2
164,6,1998-05-08,ECS,CHI,@,CHH,3,W (+14),1,39:00:00,9,20,0.45,0,1,0,9,10,0.9,3,2,5,6,1,0,3,3,27,19.9
165,7,1998-05-10,ECS,CHI,@,CHH,4,W (+14),1,40:00:00,14,31,0.452,0,1,0,3,3,1,0,3,3,4,1,0,2,1,31,17.2
166,8,1998-05-13,ECS,CHI,,CHH,5,W (+9),1,42:00:00,15,29,0.517,0,3,0,3,4,0.75,1,3,4,3,2,1,0,3,33,23.5
167,9,1998-05-17,ECF,CHI,,IND,1,W (+6),1,41:00:00,11,28,0.393,0,0,,9,10,0.9,2,4,6,1,5,0,1,1,31,22.3
168,10,1998-05-19,ECF,CHI,,IND,2,W (+6),1,42:00:00,13,22,0.591,0,1,0,15,18,0.833,0,4,4,5,4,0,0,3,41,37.1
169,11,1998-05-23,ECF,CHI,@,IND,3,L (-2),1,43:00:00,9,22,0.409,2,3,0.667,10,12,0.833,1,3,4,7,1,0,5,3,30,18.7
170,12,1998-05-25,ECF,CHI,@,IND,4,L (-2),1,41:00:00,12,27,0.444,1,3,0.333,3,4,0.75,2,3,5,2,0,2,6,4,28,11
171,13,1998-05-27,ECF,CHI,,IND,5,W (+19),1,36:00:00,12,20,0.6,2,4,0.5,3,4,0.75,1,6,7,4,1,1,0,2,29,25.6
172,14,1998-05-29,ECF,CHI,@,IND,6,L (-3),1,42:00:00,12,23,0.522,1,4,0.25,10,11,0.909,1,4,5,2,1,0,3,4,35,23
173,15,1998-05-31,ECF,CHI,,IND,7,W (+5),1,42:00:00,9,25,0.36,0,0,,10,15,0.667,5,4,9,8,0,0,2,3,28,19.2
174,16,1998-06-03,FIN,CHI,@,UTA,1,L (-3),1,46:00:00,13,29,0.448,1,2,0.5,6,8,0.75,1,2,3,2,0,2,0,3,33,20
175,17,1998-06-05,FIN,CHI,@,UTA,2,W (+5),1,40:00:00,14,33,0.424,0,2,0,9,10,0.9,3,2,5,3,1,1,0,2,37,24.8
176,18,1998-06-07,FIN,CHI,,UTA,3,W (+42),1,32:00:00,7,14,0.5,0,0,,10,11,0.909,1,2,3,2,1,1,2,1,24,18.6
177,19,1998-06-10,FIN,CHI,,UTA,4,W (+4),1,43:00:00,12,27,0.444,0,0,,10,15,0.667,3,5,8,2,2,0,3,1,34,21.5
178,20,1998-06-12,FIN,CHI,,UTA,5,L (-2),1,45:00:00,9,26,0.346,0,2,0,10,11,0.909,1,3,4,4,3,0,4,4,28,14.8
179,21,1998-06-14,FIN,CHI,@,UTA,6,W (+1),1,44:00:00,15,35,0.429,3,7,0.429,12,15,0.8,0,1,1,1,4,0,1,2,45,28.5
